ComputerName,Serial,CurrentPwd
w20169,HT630Z2,!RTOvU2%bLmY
w17259,HFFD3H2,]*&gt;$#vt3&quot;^P!PBbr
w14001,1CBMHX1,#R`*ch)GP+TM7[SW
w18069,6W1V3M2,=R]S&amp;t+-cD2@~]*8
w19323,1483JR2,1985.good.year
w220496,F5M7LN3,200.million.thousand
w17294,9C4S5H2,21.savage.mode
w21531,990003295429944,38af817
w18044,995LNH2,3B-ADK_%*t`KRX8&amp;
w220129,FSCTPG3,above.rushing.water
w250261,6X3FJ64,aching.for.change
w19248,2HF88R2,acoustic.cabinet.hesitant
w240378,F7STGX3,act.meal.thank
w15162,5WG3S22,acted.crass.acid
w21189,DV2T103,action.bronson.queens
w20173,FL2G0Z2,admission.financial.aid
w19431,5TMTDW2,affluent.jargon.reflux
w20094,26QP3Y2,air.gap.box
w19426,5TLYDW2,albinosaur.sublimation.dance
w220252,6F2PWG3,allergic.pollen.honey
w20271,4HRRN23,ally.tech.jet
w20149,F9V20Z2,alpha.omega.alpha
w240603,9XHW4Y3,always.last.minute
w20267,4HRSN23,amid.salt.exams
w16309,7SV6GB2,amine.caroline.yellow
w220102,FLCTPG3,ancient.persian.rug
w21139,733T103,ann.beretta.three
w16160,6HK2662,apple.aday.rain
w240606,6N8JNZ3,apple.crumb.thanks
w230283,f5fbsl3,applebees.is.good
w220529,94JT2Q3,apply.to.college
w220341,81DTHL3,archies.sugar.sugar
w21105,7D9TN53,archives.forever.old
w20268,4HTRN23,arena.restore.neutron
w250210,9TCZY44,around.the.fur
w21811,4DT52B3,arrived.yay.finally
w20193,9B60BZ2,art.number.one
w17309,G0SR5H2,artery.channel.operating
w16299,6DDSQ72,artwork.sculpt.visual
w220086,8WCTPG3,asap.cozy.tapes
w19328,2PF3JR2,aspen.steel.genus
w20316,91YTX33,assist.lend.scars
w21138,233T103,athletes.run.fast
w21182,513T103,athletics.rock.vote
w17155,FVS6WF2,augment.obscureness.valence
w220118,8GBTPG3,aviation.blueside.up
w21826,7WCTPG3,b.negative.blood
w250262,9MZWP74,back.pain.sucks
w21434,38B3N83,backlash.run.hills
w220389,1RDNLL3,bad.brains.banned
w16024,1W5RTW2,baker.rocks.sports
w220227,7G2PWG3,baker.sports.complex
w220103,5NCTPG3,ball.penguin.bluefin
w17330,BNTSKH2,ballerino.lacrosse.chocolate
w15256,8WKPD42,balloon.case.run
w230281,G5FBSL3,barb.ara.gordon
w240390,5T90HX3,barbie.versus.oppenheimer
w240397,58VH7Y3,barbie.weekend.drink
w240702,J0LJ314,barcodes.tarts.room
w230271,96FBSL3,bark.meow.moo
w20032,98KL6Y2,barrack.environment.northwest
w18162,20YQTN2,bartender.purple.dragon
w21210,8W2T103,barwick.healing.miracle
w230482,9KGNHS3,basement.watch.12
w241052,G7T9Z24,basket.remark.tumor
w240610,6DMWCY3,basketball.chair.tech
w220551,1NPZNL3,beans.on.toast
w21195,1X2T103,bear.love.can
w19449,B9MZYW2,beastly.cicada.killer
w18039,730HMH2,beauty.meeting.everyone
w240013,JZFY9Y3,beefed.up.machine
w21150,J23T103,bela.lugosi.dead
w240459,JFRRFX3,Belk.prison.side
w220061,JZW1S52,ben.weasel.jerk
w220535,3TNLNL3,benefits.thinking.out
w240687,C0G7C14,best.bavarian.pretzel
w240414,8BX2HX3,best.friend.reunion
w21198,913T103,best.peanut.chocolate
w20068,290H3Y2,bestiarius.retiarius.murmillo
w220115,DVCTPG3,bias.whey.grouper
w19366,G2RP6S2,bicycle.monitor.mimi
w250256,5MWYS54,big.baller.dollars
w21185,6W2T103,big.cuppa.coffee
w220476,9ZGHML3,big.time.butter
w230364,B09C9R3,billie.ellish.asleep
w230362,F09C9R3,billie.ellish.bad
w17087,FNKWRD2,bills.preston.esquire
w14015,5ZBK6Y1,billy.bragg.milkman
w220501,554DNL3,billy.bragg.taxman
w20159,C2130Z2,binary.disco.monkey
w19265,2HKH8R2,bio.number.one
w14096,51WX7Y1,biology.bombs.today
w21096,905GM53,biology.matters.today
w240437,3WLBFY3,biology.matters.today
w21433,38B4N83,biology.test.hate
w17151,D1M9ZG2,bios.passwords.hard
w220521,54JT2Q3,bitcoin.very.difficult
w21851,BFQQ2J3,black.brian.wilson
w220104,2NCTPG3,black.flag.ginn
w21315,3H5S063,black.lives.matter
w20254,903JL13,black.panther.hero
w20088,26KN3Y2,blackrazor.wave.whelm
w21794,FDT52B3,blinded.with.science
w250149,37L0WH3,blood.moon.breeches
w230309,D5FBSL3,bloody.valentine.loveless
w21823,9ZZF9G3,blue.eyes.white.dragon
w18124,3WY0RN2,bluebay.fish.fry
w20326,4TNVX33,bolt.lime.metro
w241062,36Q9Z24,bones.on.deck
w19389,2ZDMNF2,book.cup.picture
w14235,BQFRBZ1,book.store.one
w220228,JC2PWG3,books.forever.read
w230165,GGPNRT3,books.rock.world
w220241,3D2PWG3,books.win.everything
w18166,DLKQTN2,books.worth.millions
w19401,7T6WVT2,boot.blue.season
w220511,92FT2Q3,bottle.water.lemon
w20024,6GDL6Y2,boxes.outside.cabin
w240460,CSYZFX3,brand.new.day
w240587,JQVM4Y3,brand.new.screen
w21225,HV2T103,branded.lasted.loves
w240411,BP36HX3,bread.and.butter
w21172,7V2T103,break.borrow.coal
w240540,8QC19Y3,break.leg.bone
w250257,1CVYS54,breathe.with.me
w241100,GMNBZ24,brick.by.brick
w16368,5VH0JB2,briefs.silver.bullet
w19053,300ZYQ2,bright.honey.ball
w20218,HK5Y2Z2,bright.sunny.day
w220250,9D2PWG3,bring.back.onbase
w230334,HH5M0R3,bruce.wayne.batman
w21204,JW2T103,bubble.smile.gains
w17301,96PS5H2,build.immense.ran
w21228,3V2T103,bully.sugar.egg
w20324,54XVX33,burn.dips.fell
w21181,813T103,butter.land.lakes
w250111,42J3J34,caesar.nerva.traianus
w20033,59KL6Y2,caffeine.particle.casebook
w220467,CZGHML3,calculus.power.train
w240084,8WYS5X3,call.me.crazy
w241078,C4Q9Z24,camera.bronze.survey
w230516,HTLX4X3,canada.dry.rocks
w18057,6H363M2,candy.frost.mugs
w14656,4D55F12,cannon.ball.gator
w15247,BYTLN32,cantankerous.train.wreck
w19391,BYDMNF2,car.battery.horse
w240394,J0JVGX3,card.king.jack
w17311,FX9S5H2,card.wonder.parallel
w21145,323T103,careers.at.davidson
w19056,2ZVYYQ2,carrot.finland.walk
w18071,3SHT3M2,cascade.lamellae.torpedo
w20132,94VN7Y2,cash.milk.genus
w250255,B7QY064,cash.to.blow
w220520,44JT2Q3,cat.dog.elephant
w250259,3WWYS54,catch.a.case
w21178,FW2T103,catch.can.abagnale
w21423,15W4893,catlina.baby.sunshine
w20270,4HTSN23,cats.are.wild
w19033,FFSGPQ2,caveat.vitamins.bespeak
w220449,B3VGML3,cell.watts.game
w220255,3G2PWG3,center.cannot.hold
w240602,8YX8CY3,chain.asset.elbow
w18180,CFHZVP2,chance.acid.book
w241092,BMNBZ24,charge.action.happen
w220140,CTCTPG3,charly.bliss.guppy
w220133,JLCTPG3,chats.high.risk
w240462,BNF1GX3,check.click.sound
w240461,35K1GX3,check.triple.room
w220510,22FT2Q3,cheddar.bagels.scary
w20273,4HVRN23,cheek.villas.wasp
w250220,94XY954,cheese.dog.cooler
w18049,DC8KGL2,cheese.loaf.yum
w17271,3BZG3H2,cheese.weapon.fire
w20219,JT0CH03,chemistry.liquid.rush
w17061,69GCRD2,chess.master.woman
w20093,26QQ3Y2,chicago.music.wow
w230268,46FBSL3,chicken.finger.pizza
w240308,2D6FCY3,chicken.soup.soul
w220131,3VCTPG3,chili.cheese.fries
w230288,G6FBSL3,chili.cheese.fries
w240547,8PGX7Y3,chinchilla.fox.fur
w220254,5G2PWG3,chips.barbecue.shops
w241081,F4Q9Z24,chorus.figure.expand
w21174,J13T103,christie.front.drive
w220136,8TCTPG3,christmas.dinner.goose
w240621,8BM85Y3,chrome.rules.world
w250253,6QLHN64,chuck.the.truck
w220251,6G2PWG3,chumba.wamba.tub
w241074,83Q9Z24,church.oppose.parade
w19326,CLF3JR2,cicada.killer.opera
w20252,HV1GL13,cigar.freewill.pronged
w240078,4YYS5X3,claim.code.fail
w220138,2MCTPG3,clairo.sling.bambi
w21166,H03T103,clap.guard.grain
w220215,3FJTBL3,class.room.emergency
w230294,J6FBSL3,classical.music.life
w220297,4WN1DL3,clean.green.machine
w20153,9PN20Z2,climb.repel.repeat
w20325,7CRTX33,clip.apples.leap
w230264,H4FBSL3,clipping.drop.low
w230370,J86S9R3,clipping.get.mine
w230369,196S9R3,clipping.nothing.safe
w241076,14Q9Z24,closed.wealth.height
w230508,HDKCDS3,cloud.rain.hail
w230365,D09C9R3,clowns.freezing.sun
w230368,H86S9R3,clowns.soul.sale
w230363,C09C9R3,clowns.wanna.again
w21785,8FT52B3,codex.libre.tome
w21203,CN1T103,coffee.bean.roast
w220569,BFL7KQ3,coffee.crunch.flavor
w20172,C6130Z2,coffee.with.milk
w21184,B23T103,coffeemug.keepsme.funtional
w220447,8ZGHML3,colossal.carping.evasive
w14258,6P89YY1,common.racoon.lightninghurler
w220247,DD2PWG3,confirm.facts.first
w18030,171VFH2,copper.blister.plank
w230505,DDKCDS3,corn.dog.economy
w16209,2BBMH72,corona.with.lime
w20186,7YWY1Z2,counsel.finaid.sunshine
w21200,6X2T103,counting.down.days
w21137,633T103,country.city.sausage
w19422,5TLVDW2,course.guide.though
w220319,15H0GL3,cover.face.intel
w16275,6Y04FB2,covid.be.gone
w220512,F3JT2Q3,crab.bread.soup
w20109,DHJF6Y2,crack.ether.equip
w20275,4HSSN23,create.bandage.stop
w240350,GFMHCY3,create.new.password
w241067,54Q9Z24,credit.window.rabbit
w241070,96Q9Z24,crisis.twitch.flight
w240375,J6ZKGY3,crop.corn.flakes
w20317,5ZCTX33,crush.pitch.use
w240399,88VH7Y3,cup.fork.spoon
w19362,9YXP6S2,cute.small.puppy
w17320,BNTVKH2,d145!87z2S
w21820,HFT52B3,dads.locals.dragon
w230041,56CFSL3,dakim.enchants.us
w220519,62FT2Q3,dana.rocks.research
w17210,DBZLHH2,dancing.neon.moon
w18055,5K363M2,dancing.queen.only.17
w21146,833T103,davidson.needs.bigsur
w21812,HDT52B3,death.klock.ocean
w220451,FZGHML3,debunk.inkling.futile
w19309,2JQSHR2,decided.reach.husband
w21806,3FT52B3,decline.western.civilization
w17161,F9P3WF2,dedication.carter.wayne
w21218,6V2T103,deeply.rival.apples
w220090,FDBTPG3,dell.eternal.punishment
w220135,7TCTPG3,dell.eternal.punishment
w220208,C4Y2NG3,dell.is.diminishing
w220483,1G4ZML3,dell.is.interesting
w220300,GR7KDL3,dell.laptops.sux?
w220308,3HNTFL3,dell.laptops.sux?
w21382,8PLJ473,dell.new.one
w21209,HW2T103,dell.same.lenovo
w21140,823T103,dell.sux.butt
w220381,56KBLL3,dell.touchpads.sux
w220383,7XJQLL3,dell.touchpads.sux1
w220382,6XJQLL3,dell.touchpads.sux2
w20251,1L7GL13,dells.sux.sometimes
w220212,69L71M3,delve.into.science
w220213,59L71M3,delve.into.science2
w220221,2D2PWG3,delve.into.science3
w15228,H322C42,derivation.sleeve.flunk
w20101,4W5Y7Y2,detain.token.whimwham
w230452,2BC28S3,development.screen.pond
w21226,C23T103,devices.are.legit
w250194,8H65T44,devil.makes.three
w230458,6GJD8S3,difficult.keys.only
w240622,D53YNZ3,digital.bed.supply
w21142,723T103,digital.transformation.new
w16156,7V96662,dinosaur.land.virginia
w240421,H1BLGY3,dip.top.knot
w20245,8BKQQ13,director.film.creator
w220514,84JT2Q3,disco.balls.everywhere
w220448,D3VGML3,dispatch.staid.miscreant
w19429,5TLSDW2,distressed.psychosalad.eater
w250138,93FBQ34,do.dell.updates
w220123,BTCTPG3,dock.spaceship.captain
w21312,CYZR063,doctor.pepper.soda
w240413,7ZQ2HX3,doctor.pimple.popper
w241045,B3Q9Z24,does.not.happen
w240692,CBZFVH3,dog.cat.pig
w220531,42FT2Q3,doing.flight.wards
w20190,4QBY1Z2,dollar.dollar.bills
w220517,24JT2Q3,dolphin.pillow.talk
w220342,BNX6JL3,dolphins.are.aliens
w230049,62HBSL3,domestic.threats.exist
w220240,BF2PWG3,dont.trust.worms
w241059,F7T9Z24,doom.guy.hell
w18098,4LMVJM2,drachma.wistfulness.undiminished
w21206,FN1T103,dream.stay.lasted
w21192,JV2T103,drexel.whatever.whenever
w21818,FFT52B3,drexel.whatever.whenever
w240071,BWYS5X3,drink.fresh.water
w21786,1GT52B3,drive.during.motion
w241069,95Q9Z24,driver.budget.mother
w19319,B583JR2,dusk.carmine.eyrie
w230481,4G1FHS3,eagles.fumble.sad
w240569,9J14ZW3,early.monday.morning
w14249,9VQKXY1,easy.question.this
w220060,JZW1SD2,edge.confetti.clowns
w240463,5GR6GX3,edit.the.asset
w241095,B6Q9Z24,elapse.sleeve.matter
w240681,H0NVVW3,elephant.tiger.sugar
w20086,26KP3Y2,elric.stormbringer.mournblade
w230449,6NS68S3,email.chrome.vanquisher 
w20078,26NN3Y2,embrace.experiment.failure
w13412,8MZ1DX1,embrace.keyboard.fan
w19022,6CZCXQ2,emotion.airport.primer
w17310,BMYR5H2,emotional.motion.sickness
w21167,CX2T103,encryption.is.jank
w220126,DNCTPG3,end.day.madness
w220112,BVCTPG3,end.walker.soon
w17307,294S5H2,engine.minutes.apple
w240688,GLZ12T2,enter.a.password
w21216,5N1T103,enterprise.rain.astronaut
w18056,DN363M2,envelope.tissue.penguin
w220571,4B3YJQ3,erik.is.best
w240581,J9V9GY3,erik.number.one
w21880,97P4RG3,excalibur.stormbringer.sting
w17501,081516760954,exchange.good.ideas
w240570,H704ZW3,excited.finally.weekend
w16394,8MZ7JB2,expediteunbalancedfistfighter
w19252,2HFG8R2,f&amp;An$7E8HB
w14262,JX89YY1,fabulous.pidgeon.madhouse
w21219,4W2T103,failure.hold.other
w21313,32PT063,failure.with.logic
w19619,8781YT2,faith.rocks.earth
w220110,HNCTPG3,fall.is.coming
w240314,9TTGCY3,fall.slow.craw
w18171,CFLYVP2,false.sense.security
w220225,5F2PWG3,family.engagement.rocks
w250215,D7HW654,far.too.long
w21916,87P4RG3,farewell.to.arms
w250051,7JH1J34,fast.times.ridge 
w16136,36431452353,FBFd44Jn7n
w220139,GMCTPG3,fed.loan.servicing
w16285,6TSFP72,feederz.love.ruins
w18093,FRLVJM2,ffhHt^ixz9
w240604,4L5Y4Y3,field.noble.twist
w20195,9B5X9Z2,financial.money.rocks
w220453,33VGML3,find.ethernet.cable
w21796,6FT52B3,fire.cali.scary
w220552,GVV8QN3,first.order.authority
w230043,J1HBSL3,first.order.rules
w230356,F4Q1JR3,first.strike.works
w15176,C8DBL12,fish.light.house
w220242,HD2PWG3,fits.misfits.snubs
w220441,7ZGHML3,flashdrive.work.weird
w21214,8F1T103,flee.watson.prison
w20072,5W3P6Y2,flower.installment.laugh
w17329,BNVTKH2,flower.space.collection
w17286,95CVKH2,focus.binocular.failure
w230336,HF5M0R3,foggy.nelson.daredevil
w20058,28ZF3Y2,foiled.copy.pleasing
w21821,GCT52B3,food.bake.bring
w230626,4214KS3,food.crab.dog
w240701,49HLC14,football.is.expensive
w240682,H0NVVW3,football.is.life
w250187,7S74M44,for.ever.home
w20274,4HRQN23,forest.code.air
w230048,42HBSL3,forget.not.password
w19266,CLD4KQ2,former.four.winds
w21023,68DXM53,four.legged.therapy
w16023,FTPKT32,fox.brown.slow
w20038,37KL6Y2,fracture.jaguar.wormhole
w230311,C6FBSL3,frank.debbie.liam
w250209,7VCZY44,Franz.Joseph.Karl
w241065,J7T9Z24,free.freddie.fast
w241064,56Q9Z24,free.thug.now
w240309,J2MPFX3,frog.lily.pad
w230490,DVG78V3,frogs.superior.toads
w230045,F1HBSL3,from.beyond.two
w21425,708B893,fundraising.2021
w20162,C2H20Z2,funds.money.makers
w18097,HHYHJM2,G*cD3nr3jh&gt;y/w^4
w21213,8N1T103,gacked.on.anger
w250109,24K3J34,gaius.julius.caesar
w241085,B5Q9Z24,garage.spider.health
w220206,8W0Y2L3,general.iroh.tea
w20077,26PQ3Y2,generic.compact.clubbist
w220384,D39GLL3,get.tetanus.shot
w241057,C5Q9Z24,ghost.may.knee
w240420,7ZPNGY3,giant.tree.branch
w21383,CW0P473,giraffes.are.tall.huh?
w21111,824NM53,giving.from.heart
w21791,2DT52B3,god.triumph.devil
w250245,CJLYN54,god.ween.satan
w20310,5MKTX33,goes.diner.sobbing
w21399,BJ27773,goldlink.some.girl
w20189,FF2Z1Z2,gone.with.thewind
w250144,4T4QR34,goo.goo.gaga
w21208,3N1T103,good.bye.davidson
w220262,4NYXBL3,good.hide.away
w16022,HV5RT32,good.kid.mad.city
w220524,G2FT2Q3,gooey.butter.cake
w19423,5TLXDW2,goofy.bulging.wheel
w220234,JD2PWG3,goonies.heartless.unthinking
w220340,89CQHL3,goonies.the.project
w17304,784S5H2,grades.matter.always
w220442,50HHML3,graduation.senior.friday
w13409,3Q82DX1,grass.owl.july
w19353,1C88CS2,Grav.graph.hermes
w220249,8F2PWG3,great.crab.conspiracy
w230496,874RTV3,great.day.awesome
w20188,BRWY1Z2,green.apple.blue
w220124,4MCTPG3,green.apple.skittles
w18133,J2Z4RN2,green.day.insomniac
w220120,6NCTPG3,green.day.kerplunk
w240169,8T5QBY3,green.lotus.ant
w20165,68130Z2,greentea.hotter.chilly
w20065,28YJ3Y2,greyhawk.wildcoast.willip
w240415,D9D6HX3,guardians.outer.planet
w16276,6Y06FB2,gucci.saint.brick
w21398,BJ26773 ,guided.by.voices
w20037,4SQL6Y2,hacker.inflection.eruption
w20147,H4130Z2,hackers.suck.ass
w250185,G384M44,hallowed.bethy.name
w240609,2DMWCY3,halloween.party.night
w20035,8RQL6Y2,hallucinogenic.james.cook
w240393,4190HX3,Hammer.wild.boom
w230285,24FBSL3,handcuffed.to.you
w250064,GP7NSW3,handy.feels.like
w21220,613T103,happy.hallow.eve
w16308,7SV5GB2,happy.little.clouds
w220377,9JJWKL3,hard.luck.woman
w19349,1C7GCS2,hazard.hare.chalk
w250108,4XJ3J34,hazel.is.hotmess
w240381,1JYDFY3,head.missing.bruh
w16211,HF5KH72,health.news.world
w21099,BKKXN53,health.xrays.clean
w20200,9B6T9Z2,healthy.life.forever
w21432,G966693,healthy.peeps.rock
w17298,41WS5H2,heavily.formation.cigarette
w20164,F3130Z2,hedgehog.red.hat
w17023,H0GCKC2,hellboy.rocks.estaban
w230011,9VWBRL3,hello.world.hi
w230235,D5YHLS3,hello.world.hi
w230232,C5YHLS3,hello.world.hi
w230234,96YHLS3,hello.world.hi
w230231,95YHLS3,hello.world.hi
w21193,GW2T103,helms.deep.defense
w240542,DPQ19Y3,help.career.people
w21135,F23T103,help.need.somebody
w250226,4RHZRW3,hey.bombs.away
w220065,323Y5D3,hidden.world.bones
w20261,29MMY23,high.end.system
w220525,C2FT2Q3,him.saying.high
w21152,223T103,history.lessons.forever
w17495,CGHJ0G2,holiday.party.2019
w241097,C6Q9Z24,honest.candle.treaty
w14253,9M7PXY1,hood.house.giving
w20130,BCNG6Y2,hornpipe.dire.yellow
w241056,25Q9Z24,hot.dog.summer
w20080,26LP3Y2,hotel.insensible.journalist
w241053,44Q9Z24,house.sticky.afford
w220457,30HHML3,human.dog.cat
w20253,3FWFL13,human.resources.rocks
w241060,D6Q9Z24,hyper.ventilate.joe
w19424,5TMRDW2,hypnotizingly.coggle.pilot
w250145,7H4QR34,i.want.milk
w220500,9RJFNL3,ice.and.cream
w220516,82FT2Q3,ice.cream.birthday
w21320,7XQN163,iced.mocha.latte
w230040,72HBSL3,idles.concrete.leather
w230292,G4FBSL3,idles.danny.nedelko
w230308,D6FBSL3,idles.joy.scum
w20074,26JQ3Y2,imagined.thumps.arrow
w20079,26MQ3Y2,immortalise.interview.civil
w15350,648QR32,immunize.pubescent.gilbert
w241048,G3Q9Z24,impact.appear.report
w230372,296S9R3,in.vino.veritas
w220454,53VGML3,incense.coalesce.prevail
w16154,9D86662,indirection.retribution.square
w17299,6QYR5H2,industry.territory.sleet
w240466,2JH1GX3,inform.the.people
w20146,CY630Z2,inhaled.spiders.juror
w17056,J9MTK72,inhibition.engineer.indisposable
w240644,2CZLKY3,intake.glass.dance
w230051,G1HBSL3,intel.backspace.insert
w250087,9VGVF54,intel.inside.chemicals
w21190,2W2T103,internal.trackpad.sucks
w21154,423T103,invisible.cackling.unicorn
w21221,J03T103,irascible.piquant.besmirch
w21788,DDT52B3,ireland.forever.weeps
w16396,8MZ8JB2,iron.chic.jellybean
w17324,BNV0LH2,irs.records.copeland
w250231,34F2G54,it.ends.with.us
w230223,CVG78V3,ivy.plant.cedar
w240676,4PVHLY3,ivy.plant.moss
w21156,FX2T103,izakaya.onsen.sapporo
w241061,65Q9Z24,james.crack.corn
w220119,9NCTPG3,jawbreaker.unfun.dearyou
w20319,50YTX33,jelly.lined.mint
w16171,421T082,job.retires.soon
w16300,FW6SQ72,jolly.green.giant
w16036,9X6JT32,jolty.nonspender.shaman
w230299,JNDFSL3,jonny.b.good
w230289,35FBSL3,joy.division.candidate
w230298,F6FBSL3,joy.division.disorder
w18176,CF6XVP2,joy.division.pleasures
w230290,D4FBSL3,joy.division.tear
w21151,413T103,just.cast.fireball
w230044,22HBSL3,just.do.it
w220137,9TCTPG3,just.monika.forever
w16014,BPD1S52,kaleida.graph.45
w21098,10Z0P53,kanye.ghost.town
w220577,DLCTPG3,keith.dez.henry
w21207,9F1T103,keith.morris.jerks
w21227,7W2T103,kendra.number.one
w17192,FWQG0G2,kevin.abstract.georgia
w220509,32FT2Q3,keyboard.mac.laptop
w21314,400S063,keychain.shake.screen
w241055,D3Q9Z24,kick.flip.shove
w21159,C13T103,kids.black.hole
w20323,5F8WX33,king.dance.ripe
w230366,B0DC9R3,king.soft.sell
w21097,JFNTM53,kingkhan.and.bbq
w230287,C5FBSL3,kirin.and.miro
w15337,24X4R52,knockdown.enormous.cardinal
w21223,9N1T103,knocked.out.joker
w20070,290G3Y2,lab.insight.success
w241047,64Q9Z24,labor.betray.ballet
w220125,JMCTPG3,labs.geode.ordering
w21211,6N1T103,lagwagon.talk.feelings
w17308,4FPS5H2,lakehouse.new.cookie
w220245,FD2PWG3,latte.hot.cold
w19550,JC6P1X2,laugh.eat.cord
w18058,3L363M2,leaf.football.staple
w21222,5W2T103,left.four.dead
w21397,BS26773,legacy.dies.here
w21342,CR8VL63,legend.of.korra
w19255,2HHD8R2,lemon.melon.berry
w220523,C3JT2Q3,lemonade.is.great
w20318,BNKTX33,length.villa.cold
w21104,CNS2P53,library.quiet.time
w20314,21DTX33,life.entry.trails
w241063,45Q9Z24,life.of.agony
w220248,BD2PWG3,lifter.puller.fiestas
w220527,D3JT2Q3,lily.pad.water
w16258,B4DK482,lines.quit.rope
w15248,H0VLN32,lint.cockle.shortsightedness
w15150,8FD3K32,lions.tigers.bears
w230330,46BW9R3,liquids.for.days
w21187,G13T103,lithold.sunny.dandy
w20196,9B61BZ2,little.rocks.books
w21800,8DT52B3,lizard.people.everywhere
w250107,1Q9ZJ34,lock.pen.love
w240551,7N8PGX3,lockdown.cant.happen
w20158,7HV20Z2,lolliepop.candy.shine
w20144,23J64Z2,lonely.jazzy.ramp
w241084,73Q9Z24,lonely.rescue.offset
w21169,213T103,long.day.beer
w16065,1.00E+13,longservicesolstice
w16135,36761552353,lot.six.animals
w220526,J1FT2Q3,lots.party.girls
w18163,HP3RTN2,love.music.piano
w17209,JDFFDH2,lucifer.fell.revolution
w20062,28ZL3Y2,lv426.prometheus.covenant
w220091,HTCTPG3,lydia.loveless.ohio
w17098,F3VW9G2,m1.faster.rules
w20214,6Z48B03,macbook.cable.padlock
w20071,28ZK3Y2,mad.dash.lab
w230310,76FBSL3,made.in.abyss
w230454,51vkrt3,magic.metaphysics.physics 
w19427,5TLWDW2,make.stop.fetch.happen
w17035,88VXPD2,make.wanna.shout
w20012,5V5K2X2,malware.sucks.bigtime
w16302,CX6SQ72,mamabear.rocksit.allday
w250141,FPDBQ34,manners.maketh.man
w230499,8DKCDS3,marker.union.mini
w230327,1L8M0R3,matt.murdock.daredevil
w250140,GQDBQ34,me.want.zoom
w220443,80HHML3,mean.ptsd.happening
w220237,8D2PWG3,meat.ball.sub
w241094,76Q9Z24,medium.divide.bloody
w230276,B4FBSL3,megan.thee.stallion
w220244,9F2PWG3,memento.mori.reaper
w19038,8XYGPQ2,memory.associative.learning
w241073,24Q9Z24,memory.meadow.tenant
w230371,396S9R3,mercy.day.vengeance
w21799,CFT52B3,metal.rock.week
w21828,9KBTPG3,mezingers.america.freak
w220089,9GBTPG3,mezingers.hello.winter
w21822,6DT52B3,microchip.me.bill
w250039,1JZTQW3,midsummer.night.eve
w17502,,midwest.celebration.summer
w230046,D1HBSL3,mike.number.one
w20322,8WNVX33,mile.food.loss
w220210,2SQ21M3,million.dollars.worth
w21000,5SRHX33,mimi.snitch.fren
w21158,7F1T103,mindful.thinking.works
w19055,2ZF0ZQ2,minefield.cathedral.gandhi
w20166,H6130Z2,minimum.safari.doctor
w220400,8151XP3,minor.threat.filler
w220132,4WCTPG3,minor.threat.step
w20069,290J3Y2,minority.majority.mix
w250263,5J58Q74,miserable.bar.disco
w20081,26JP3Y2,misfolded.wormhole.parasailer
w220466,20HHML3,modern.lovers.straight
w220230,FF2PWG3,money.funds.intel
w250003,3H82R74,money.money.money
w250218,BXWY954,money.speaks.tome
w20256,DQ7GL13,money.talks.allday
w20170,2S630Z2,money.talks.volumes
w16362,G02JHB2,monitors.for.everyone
w220513,72FT2Q3,moonlight.the.husk
w220189,86DK3L3,mops.looking.out
w21188,D03T103,more.beans.father
w230457,75XZRT3,morning.password.time
w241089,6MNBZ24,morsel.length.suntan
w19254,2HKF8R2,mu330.hoosier.love
w230307,14FBSL3,muldoon.jurassic.park
w220253,HF2PWG3,multiverse.of.madness
w20092,26LQ3Y2,muse.rocker.style
w230293,95FBSL3,music.door.marker
w21422,2TH4893,music.soul.movement
w220320,35H0GL3,music.station.freeze
w17132,BWVPQF2,musical.world.reigns
w220177,FTTYVG3,mutant.strain.bones
w18050,DCCPGL2,mutant.strain.doofus
w241082,H5Q9Z24,mutter.throne.valley
w21186,6F1T103,native.history.rocks
w241044,75Q9Z24,need.better.help
w220171,B7LP5K3,negative.approach.lose
w21162,523T103,neighbors.shiesty.season
w250294,7LCFP74,nekron.nerull. nagash
w21503,27TQZC3,network.around.clock
w20266,4HVSN23,neutral.milk.hotel
w220554,2B7CPL3,never.escape.davidson
w17103,185SSD2,never.random.passwords
w240065,DWYS5X3,new.shiny.lab
w240066,6XYS5X3,new.shiny.lab
w240067,HXYS5X3,new.shiny.lab
w240068,CYYS5X3,new.shiny.lab
w240069,2ZYS5X3,new.shiny.lab
w240070,BXYS5X3,new.shiny.lab
w240072,9XYS5X3,new.shiny.lab
w240073,GXYS5X3,new.shiny.lab
w240074,4ZYS5X3,new.shiny.lab
w240076,6WYS5X3,new.shiny.lab
w240077,4WYS5X3,new.shiny.lab
w240079,9WYS5X3,new.shiny.lab
w240080,DXYS5X3,new.shiny.lab
w240081,GYYS5X3,new.shiny.lab
w240083,2XYS5X3,new.shiny.lab
w240085,3ZYS5X3,new.shiny.lab
w240087,7YYS5X3,new.shiny.lab
w240088,6YYS5X3,new.shiny.lab
w240274,H1BX5X3,new.shiny.lab
w240275,B0BX5X3,new.shiny.lab
w240276,6Z9X5X3,new.shiny.lab
w240277,5Z9X5X3,new.shiny.lab
w240278,90BX5X3,new.shiny.lab
w240279,30BX5X3,new.shiny.lab
w240280,50BX5X3,new.shiny.lab
w240281,F1BX5X3,new.shiny.lab
w240282,DPMX5X3,new.shiny.lab
w240284,FPMX5X3,new.shiny.lab
w240285,FNMX5X3,new.shiny.lab
w240286,GPMX5X3,new.shiny.lab
w240287,JNMX5X3,new.shiny.lab
w240288,CPMX5X3,new.shiny.lab
w240289,2PMX5X3,new.shiny.lab
w240290,9PMX5X3,new.shiny.lab
w240291,4PMX5X3,new.shiny.lab
w240292,DNMX5X3,new.shiny.lab
w240293,GNMX5X3,new.shiny.lab
w240294,6PMX5X3,new.shiny.lab
w240295,3PMX5X3,new.shiny.lab
w240296,8PMX5X3,new.shiny.lab
w240297,HNMX5X3,new.shiny.lab
w240298,BPMX5X3,new.shiny.lab
w240299,1PMX5X3,new.shiny.lab
w240300,5PMX5X3,new.shiny.lab
w240301,J0BX5X3,new.shiny.lab
w240302,7Z9X5X3,new.shiny.lab
w240303,10BX5X3,new.shiny.lab
w240304,81BX5X3,new.shiny.lab
w240305,GZ9X5X3,new.shiny.lab
w240306,HZ9X5X3,new.shiny.lab
w240172,D0BX5X3,new.shiny.lab
w240205,G1BX5X3,new.shiny.lab
w240173,1Z9X5X3,new.shiny.lab
w240174,91BX5X3,new.shiny.lab
w240175,70BX5X3,new.shiny.lab
w240176,CZ9X5X3,new.shiny.lab
w240204,80BX5X3,new.shiny.lab
w240177,3Z9X5X3,new.shiny.lab
w240203,20BX5X3,new.shiny.lab
w240178,C0BX5X3,new.shiny.lab
w240179,31BX5X3,new.shiny.lab
w240180,H0BX5X3,new.shiny.lab
w240202,61BX5X3,new.shiny.lab
w240181,JZ9X5X3,new.shiny.lab
w240182,71BX5X3,new.shiny.lab
w240201,B1BX5X3,new.shiny.lab
w240183,FZ9X5X3,new.shiny.lab
w240200,8Z9X5X3,new.shiny.lab
w240184,21BX5X3,new.shiny.lab
w240199,JY9X5X3,new.shiny.lab
w240185,11BX5X3,new.shiny.lab
w240186,51BX5X3,new.shiny.lab
w240198,2Z9X5X3,new.shiny.lab
w240187,G0BX5X3,new.shiny.lab
w240188,F0BX5X3,new.shiny.lab
w240197,9Z9X5X3,new.shiny.lab
w240196,41BX5X3,new.shiny.lab
w240195,60BX5X3,new.shiny.lab
w240194,40BX5X3,new.shiny.lab
w240193,BZ9X5X3,new.shiny.lab
w240192,4Z9X5X3,new.shiny.lab
w240191,D1BX5X3,new.shiny.lab
w240190,DZ9X5X3,new.shiny.lab
w240189,C1BX5X3,new.shiny.lab
w240371,8YYS5X3,new.shiny.lab
w240372,CXYS5X3,new.shiny.lab
w240373,CWYS5X3,new.shiny.lab
w240589,8ZWQ2Z3,new.shiny.lab
w20249,7FKGL13,new.students.maps
w220465,G3VGML3,new.york.dolls
w230472,99TB3M3,newer.dell.time
w21918,7CN4RG3,newfoundland.cod.gander
w230297,F4FBSL3,newman.jurassic.park
w17058,8YNTK72,night.birds.beach
w220403,9151XP3,nirvana.bleach.floyd
w220401,6151XP3,nirvana.bleach.stain
w21161,123T103,no.exit.watson
w230267,86FBSL3,no.matter.what
w20060,28YL3Y2,no.need.toask
w230009,B907RL3,no.need.toask
w17026,3WMCKC2,noisy.irritating.construction
w241046,35Q9Z24,not.dead.yet
w21813,4GT52B3,not.wearing.pants
w250112,34K3J34,note.charger.table
w250165,96LTW34,november.coming.fire
w230277,26FBSL3,nuclear.codes.maralago
w220113,9VCTPG3,number.girl.school
w20076,26MP3Y2,nuzzle.bay.fish
w17215,7HLB2G2,obtain.nonsignificantly.ultramacho
w220218,CD2PWG3,occur.exist.estate
w20063,28ZJ3Y2,odin.thor.loki
w14278,JNPZCZ1,old.town.road
w241101,97T9Z24,omnipotent.lobster.roll
w17255,BHFD3H2,onbase.thicc.client
w220335,F8ZM5M3,oompa.loompa.doompety
w21801,3DT52B3,open.eyes.sheeple
w21825,9B0G9G3,open.mike.eagle
w240568,4D49DY3,open.sesame.please
w21817,2GT52B3,operation.ivy.sound
w18172,CFFYVP2,ophelias.general.electric
w250252,GFB6974,optional.tree.sap
w240384,9VVTGX3,orca.whale.cool
w17157,2SS6WF2,ordeals.uncle.jurisdiction
w250244,FHLYN54,orphan.mega.pill
w18167,9ZXQTN2,orville.peck.daytona
w21436,6NJ8N83,orville.peck.showpony.
w250110,44K3J34,otto.von.bismarck
w250113,14K3J34,otto.von.habsburg
w21384,GV33473,ouch.my.ankle
w21605,JXSNDF3,ouch.my.brain
w20157,CR630Z2,outage.endust.freebird
w19264,2HHG8R2,outfits.puffy.whimpered
w17053,8TLVMC2,outpoll.ensnare.locality
w15210,DQ6HM32,outreach.classic.candle
w240377,GTQTGX3,over.land.will
w20269,4HSRN23,over.late.thief
w20199,9B5Y9Z2,overhill.overdale
w21500,5L7J8D3,overnight.glee.adding
w20106,52CF6Y2,oxhead.vagrant.sharpen
w21311,D10S063,palm.tree.breeze
w220576,B89CKQ3,pancake.great.fear
w20145,23J54Z2,panting.bargain.crayfish
w240422,32BLGY3,paper.crane.gift
w230313,56FBSL3,paper.haunt.water
w20312,23DTX33,papers.gift.door
w18108,FQXX0N2,parabola.slender.association
w15204,783602390,passwords.are.hard
w16363,G02HHB2,passwords.are.hard
w21322,29LL063,patti.smith.mapplethorpe
w240406,HFSL7Y3,paw.cute.pug
w230498,CDKCDS3,pay.wood.carton
w19310,7H7WHR2,peanut.bead.yellow
w220530,J3JT2Q3,peanut.butter.corgi
w220505,14JT2Q3,peanut.butter.duck
w220063,JZW1SZ2,pears.bug.aware
w21793,JFT52B3,pears.victim.tobe
w18073,H5SS3M2,pedro.the.lion
w241087,2NNBZ24,pepper.memory.differ
w220312,3XTHGL3,performance.music.rocks
w241093,7MNBZ24,period.squash.hunter
w220473,HZGHML3,periodic.table.rocks
w220472,C3VGML3,periodic.table.rocks2
w220471,JZGHML3,periodic.table.rocks3
w220470,BZGHML3,periodic.table.rocks4
w220462,13VGML3,periodic.table.rocks5
w220459,70HHML3,periodic.table.rocks6
w18094,J24JJM2,permanent.magnetic.seventh
w16114,31N2363,peroxide.impressive.expand
w230278,B6FBSL3,phasers.and.tasers
w20036,G9KL6Y2,phish.grinning.quadrant
w13196,HZQZXV1,phoebe.bridgers.stranger
w16250,DH68M72,phone.maze.sign
w220192,4V9Y2L3,physical.plant.digs
w220238,6D2PWG3,physical.work.outs
w21021,3R20353,physical.work.rocks
w250301,FGYSN74,physical.work.rules
w220386,1CHSLL3,physician.heal.thyself
w220313,J4H0GL3,physics.rocks.reality
w220311,B5H0GL3,physics.rocks.reality1
w220114,3MCTPG3,pilot.madison.hardaway
w220461,40HHML3,pistols.no.future
w17297,FMHS5H2,plants.industry.however
w21215,G23T103,plastic.octopus.fruit
w20313,1MRTX33,poem.asset.corn
w20278,GMDNLW2,poems.writing.allday
w240417,8XP2HX3,poker.knight.queen
w20167,JZ030Z2,police.number.one
w241075,D5Q9Z24,polish.embark.critic
w17106,1304663354,pork.jujube.footwear
w20198,9B62BZ2,potato.academia.alligator
w220469,63VGML3,potato.mashed.peas
w220458,60HHML3,potion.for.cures
w220518,G3JT2Q3,power.is.required
w220553,G97CPL3,power.off.device
w20160,GW630Z2,power.pablo.graduation
w20014,9ZV63X2,power.shutdown.cab
w19473,FSHZZW2,precision.pains.me
w16259,B4DG482,president.office.study
w18031,,prison.bean.lode
w230480,5G1FHS3,pro.wrestling.asset
w19415,8CHDPV2,problem.tree.watch
w240670,JL72LY3,problematic.days.ahead
w21789,GDT52B3,professor.jackson.learning
w15346,G28QR32,profusely.androgynous.lizard
w20187,CG2Z1Z2,programmer.onthe.mend
w220485,5RRWML3,propagandhi.empires.ashes
w17082,HQ5NPC2,propagandhi.supporting.caste
w19361,94HQ6S2,propensity.anthropod.new
w20342,PF2C1NFR,proust.rimbaud.verlaine
w230338,FD5M0R3,psych.lab.five
w230335,JH5M0R3,psych.lab.six
w230333,4L8M0R3,psych.lab.three
w230337,1M8M0R3,psych.lab.two
w230332,FK8M0R3,psych.research.one
w220167,8XLLQJ3,psych.the.planet
w220266,5PNTKM3,psych.the.world
w220268,4PNTKM3,psych.the.world
w240435,7M5RFX3,psych.the.world
w220264,3PNTKM3,psych.the.world1
w220265,7PNTKM3,psych.the.world2
w220267,6PNTKM3,psych.the.world3
w20201,9B5W9Z2,puddle.shades.kittens
w230295,66FBSL3,pulp.common.people
w230304,J5FBSL3,pulp.different.class
w20320,FHRTX33,punt.sleep.slice
w220229,3F2PWG3,pup.the.band
w20276,4HTQN23,puppy.rocky.shorter
w240755,4BG1G24,quantum.physics.rock6
w240757,GT71G24,quantum.physics.rocks1
w240761,DDK1G24,quantum.physics.rocks2
w240760,B2C1G24,quantum.physics.rocks3
w240759,26G1G24,quantum.physics.rocks4
w240758,69G1G24,quantum.physics.rocks5
w240756,1DK1G24,quantum.physics.rocks7
w230010,BC310R3,quiet.best.place
w20059,290K3Y2,raccoon.city.tvirus
w19276,1H6LLQ2,radius.detergent.embark
w17057,2ZNTK72,rafter.negation.dora
w18129,5SV4RN2,ragtime.shire.canada
w20087,26PN3Y2,rain.away.springtime
w230016,D9QXRL3,rain.cloud.sky
w21176,HX2T103,rainboots.hit.ground
w16257,B4DH482,rainy.days.blues
w250247,FJLYN54,rainy.mondays.sux
w250098,5T7XJ34,"rainy.wednesday,cry"
w20247,2CWFL13,rainydays.always.down
w220226,2F2PWG3,raise.the.house
w220236,7F2PWG3,rancid.lets.go
w240611,CVSWCY3,random.cable.tower
w230367,C0DC9R3,rats.forgetful.minds
w17191,8FXG0G2,ready.falcon.tango
w230279,55FBSL3,real.cool.club
w230286,25FBSL3,reckoning.force.broken
w21309,810S063,red.boots.scootin
w17287,95BSKH2,red.optical.velcro
w220160,9ZQ4RG3,red.runs.black
w240086,7ZYS5X3,red.truck.fire
w241072,F5Q9Z24,reform.sunday.flight
w20175,DNN20Z2,religion.times.always
w21164,H13T103,replacements.sorry.ma
w17279,6550LH2,research.number.one
w241079,16Q9Z24,resist.hammer.bishop
w241049,D7T9Z24,reveal.filter.decide
w220194,HTVQ2L3,rheometer.suspension.forces
w21810,5DT52B3,rhythm.collision.purple
w230266,65FBSL3,rice.spring.worth
w220445,93VGML3,rile.forthright.rakish
w250176,J7SV944,ring.in.2025
w16015,BPCZR52,road.forever.goes
w220121,3TCTPG3,roads.home.country
w250258,4WWYS54,rock.the.carhart
w21147,933T103,rock.the.vote
w230280,85FBSL3,rodeo.burger.please
w240395,7T90HX3,rolling.weekend.already
w20250,5L7GL13,romeo.juliet.caesar
w230331,36BW9R3,romero.halfway.door
w230329,26BW9R3,romero.trouble.maker
w220533,34JT2Q3,romero.turnit.on
w220178,C09JTG3,ronnettes.ronnie.spector
w240683,DXG3X04,rose.vine.lily
w20148,BP630Z2,roses.arered.love
w17086,FNKXRD2,rotatable.frame.bedlam
w220220,DF2PWG3,rotten.apple.trees
w20311,B4DTX33,ruler.flap.each
w21109,GV2T103,run.from.watson
w18210,,running.wild.free
w230282,J4FBSL3,ryan.murdock.boxer
w250251,1QLHN64,safe.and.sound
w250246,1KLYN54,salmon.time.maldives
w17270,H7ZG3H2,salt.and.vinegar
w17032,3LXDKC2,salty.trader.croaker
w230042,H1HBSL3,salvage.ops.today
w250049,8JH1J34,sand.ocean.sunset
w220233,2G2PWG3,sasami.love.song
w220211,79L71M3,sasami.skin.rat
w220231,7D2PWG3,sasami.zulu.tour
w19425,5TMVDW2,saturday.crafternoon.meal
w220508,B2FT2Q3,sausage.bad.break
w21165,333T103,sausage.chunky.gumbo
w250207,D8JYY44,save.the.princess
w240643,H4ZLKY3,scared.of.watson
w21310,4J5T063,school.house.rock
w220316,45H0GL3,science.runs.wild
w220515,H3JT2Q3,science.waffles.hello
w250143,42H6WH3,scissors.paste.tips
w241083,46Q9Z24,screen.port.define
w250044,FCJ1J34,screen.sun.leaf
w240396,36KZGX3,sea.fish.red
w240405,1QKZ7Y3,seal.cute.water
w241054,93Q9Z24,second.charge.cereal
w241071,94Q9Z24,secure.camera.animal
w230312,C4FBSL3,secure.fairy.watson
w17261,HJL03H2,sedan.swede.flower
w241086,J4Q9Z24,seller.budget.voyage
w230047,32HBSL3,sense.and.sensibility
w15149,BX64K32,service.nation.skirt
w220219,4G2PWG3,setting.venoms.devour
w21136,B13T103,shape.punk.tocome
w240585,1MWNDY3,sharpie.post.station
w240671,C2GKGW3,sharpie.silver.blast
w20075,26KQ3Y2,she.blindedme.withscience
w20082,26LN3Y2,she.blindedme.withscience
w240607,B3P35Y3,shelf.board.horse
w240361,6ZYS5X3,shiny.new.lab
w240362,GWYS5X3,shiny.new.lab
w240368,5CVVRY3,shiny.new.lab
w240369,6CVVRY3,shiny.new.lab
w240363,4XYS5X3,shiny.new.lab
w240364,5XYS5X3,shiny.new.lab
w240365,9ZYS5X3,shiny.new.lab
w240366,3YYS5X3,shiny.new.lab
w240367,JWYS5X3,shiny.new.lab
w240206,2YYS5X3,shiny.new.lab
w240207,C02T5X3,shiny.new.lab
w220555,H97CPL3,shoes.high.heels
w240392,8BQTGX3,short.fish.reef
w17194,513K0G2,shovel.fanfare.center
w250211,D6KVS54,shutup.and.drive
w250148,GRS2WH3,sic.semper.tyrannis
w21321,6KKJ063,silent.majority.word
w17328,BNWVKH2,silver.chair.frog
w240376,2G1S8Y3,silver.sharpies.arrived
w220106,8LCTPG3,singer.dancer.brooks
w21359,317CK63,singing.warms.souls
w220117,HMCTPG3,sinkhole.wishful.thinking
w230222,6LD78V3,sky.grass.blue
w230274,64FBSL3,slade.call.quits
w230273,H5FBSL3,slade.nobodys.fools
w19251,2HFC8R2,slag.iron.instruction
w250213,7B6GSW3,sleep.too.much
w220468,83VGML3,sleepy.friday.sadness
w15189,BK41942,slips.frock.sprint
w230270,54FBSL3,smoked.gouda.mac
w230460,3G3J8S3,smooth.criminal.spaceship
w21917,8ZQ4RG3,snail.mail.franklin
w240404,BZMQ7Y3,sneak.snickers.sneakers
w19430,5TLTDW2,snowing.dankorage.alaska
w250208,15MYY44,something.about.her
w240398,48VH7Y3,song.look.cool
w20034,2HCL6Y2,sourdine.knee.ecosystem
w230471,5NDTGS3,sparky.man.computer
w240429,G2CQFX3,speak.trick.ditch
w230013,4WGPRL3,spectacular.spider.man
w250041,6DMTQW3,specter.wraith.ghast
w21197,BW2T103,spectra.scope.images
w21824,6WZF9G3,sphere.earth.lies
w220158,2L9QQG3,sphere.earth.lies
w240380,64ZKGY3,spider.lily.red
w16260,B4DL482,spiffy.red.shoes
w220507,64JT2Q3,spongebob.and.squidward
w220376,5KWYKL3,spontaneous.human.combustion
w16020,7T5RT32,sports.number.one
w17213,8Q4C2G2,spring.break.2020
w220314,65H0GL3,spring.break.down
w220134,FTCTPG3,spring.is.coming
w20150,4HV20Z2,spring.is.leaving
w240170,C4XFCY3,spring.puddle.petal
w220568,9FL7KQ3,spring.rolls.good
w230447,8V8R7S3,squid.house.football
w220502,BRJFNL3,stackpenguintoast
w230015,70CXRL3,stamps.are.expensive
w220127,BMCTPG3,stardew.valley.wizard
w20013,2SJ03X2,station.case.cord
w250152,G0YVFW3,station.three.here
w19320,9B83JR2,station.train.insecure
w19032,6GFGPQ2,sticky.ether.mold
w16034,2F1JT32,sticky.pencil.box
w230497,FDKCDS3,sticky.walk.math
w220463,73VGML3,stooges.fun.house
w220464,10HHML3,stooges.raw.power
w250037,9HBVQW3,stormbringer.mournblade.blackrazor
w241099,38T9Z24,strange.summer.job
w20006,BD9B2X2,strangely.offstage.omission
w21177,DN1T103,strawberry.fields.forever
w220534,12FT2Q3,strength.emily.worthy
w19035,4BSGPQ2,string.must.star
w17160,FVP7WF2,structured.complied.cooling
w240693,FWWHVH3,students.are.neat
w220122,7NCTPG3,students.masters.becoming
w250193,1CV4T44,study.abroad.2024
w240625,1QQ95Y3,study.school.test
w20107,82XF6Y2,stuntlike.pronghorn.death
w19360,93RP6S2,stupid.locked.out
w230459,H53C8S3,subway.surfers.device
w240464,17T6GX3,summer.comes.end
w220506,74JT2Q3,summer.hot.cold
w241091,48T9Z24,summer.hotdog.stress
w220111,FNCTPG3,summer.is.coming
w250139,12H6WH,summer.is.coming
w17303,42WS5H2,summer.squad.2022
w21212,BN1T103,sun.rises.also
w240423,CWY39Y3,sun.roof.balcony
w20067,28ZG3Y2,sun.tzu.war
w220450,F3VGML3,sunb.perquisite.sordid
w220216,4FJTBL3,sundrop.all.day
w17262,FNL03H2,sunny.allday.long
w21143,713T103,sunshine.filled.cup
w241090,J3Q9Z24,suntan.nuance.method
w19392,FQ8KNF2,super.friend.rush
w230512,28QQDS3,super.funny.jokes
w14690,48623542353,surface.pro.sucks
w15128,028474343553,surface.worse.dell
w21427,402B893,swiffer.dusters.rock
w19396,B0FMNF2,swim.jump.run
w21358,4FFLK63,sword.inthe.stone
w19078,9DPNPQ2,system.reached.suggested
w18026,62NWHK2,tabitha.enchants.vr
w20255,DW1GL13,table.counter.bowl
w240746,9LLS224,take.careof.hr
w240467,5LFBFY3,take.college.tours
w17315,BNT1LH2,talking.heads.happy
w220321,75H0GL3,talking.heads.psycho
w240082,FXYS5X3,tall.green.tree
w20272,4HVQN23,tall.speech.invest
w19363,JTXP6S2,tango.bevel.action
w240391,F0TTGX3,tank.water.well
w17075,B0FGNC2,tartar.drawing.paper
w19074,CQLGPQ2,tasteful.ratio.sodium
w21808,4FT52B3,teams.icons.birds
w16172,421S082,television.marquee.moon
w16019,FB1JT32,temp.employee.secure
w241050,34Q9Z24,tenant.employ.collar
w21437,7LPZM83,tens.biofreeze.works
w220128,8NCTPG3,terrain.traffic.caution
w18095,38MVJM2,test.mental.kick
w16201,5L98382,tg.u.now
w240465,9MG1GX3,that.you.are
w250042,8JZTQW3,the.forlorn.hope
w240831,C0HWJ24,the.lathe.heaven
w220315,95H0GL3,the.worm.beckons
w220440,43VGML3,therapy.rile.support
w21606,JXSDFF3,things.start.moving
w240416,7ST2HX3,thinks.like.criminals
w20152,28V20Z2,thirsty.thursday.cheers
w21173,DW2T103,thirty.feral.hogs
w20277,4HSQN23,this.is.america
w240608,FCMWCY3,thought.was.friday
w241077,85Q9Z24,threat.locate.outlet
w21814,5GT52B3,three.words.period
w16012,BPD3S52,threw.soda.rope
w241051,66Q9Z24,throat.latest.shower
w19304,5FQSHR2,thumbtack.bigeneric.stalkerlike
w220159,7ZK4RG3,thunders.nolan.bruin
w14341,8585L02,tier2.lame.computer
w240538,CSRVFY3,tik.tok.clock
w21805,BDT52B3,time.rise.blood
w220528,D2FT2Q3,time.to.repurpose
w21790,1FT52B3,tiny.compare.egypt
w241080,C3Q9Z24,tiptoe.single.forest
w220567,JPQ8KQ3,today.is.monday
w220572,45F8KQ3,today.is.tiring
w21784,3GT52B3,tolls.for.thee
w220499,BMKDNL3,too.many.dells
w220235,5D2PWG3,tooold.for.houseshows
w240383,3BSTGX3,travel.france.germany
w19444,040638783351,travel.world.atlas
w21497,90MM9C3,travis.scott.astroworld
w21148,7X2T103,tree.free.paper
w20154,3KN20Z2,tree.sky.rocks
w230275,15FBSL3,trex.keep.looking
w220456,GZGHML3,tribulation.behoove.cohesive
w240426,BS1MFY3,trip.drop.cope
w250115,B70DL44,tropical.storm.debby
w240626,JPQ95Y3,trucker.hat.goofball
w240412,FXF1HX3,tuff.puff.dwarf
w20084,26MN3Y2,turkey.club.happiness
w230300,75FBSL3,turkey.football.time
w21217,4N1T103,twisted.childers.road
w19394,CWDMNF2,unalterable.celery.gift
w19307,8DQSHR2,underline.provide.crops
w230269,44FBSL3,undertow.straight.edge
w21134,433T103,union.number.one
w20089,26NP3Y2,united.puppy.mint
w241096,8MNBZ24,unrest.check.thanks
w20031,GBCL6Y2,unscathed.paddlefish.throwster
w20131,1WPP7Y2,uptight.nodule.band
w230393,8D9WJR3,urban.settings.scape
w17321,BNW1LH2,users.need.help
w250359,G99CK74,ust.number.one
w250358,D99CK74,ust.number.one
w250360,F99CK74,ust.number.one
w250295,GSJFP74,ust.over.whelmed
w21802,1DT52B3,vacation.energy.renewal
w21153,GX2T103,vaccine.now.please
w250088,HJHVF54,vail.commons.delicious
w17273,3Y4H3H2,vail.covers.dish
w13413,8MY4DX1,values.pot.shirt
w250254,DRQY064,vampire.week.end
w20197,9B5Z9Z2,vanilla.cup.cake
w220488,2G4ZML3,velvet.underground.jane
w220087,7GBTPG3,versions.same.mistakes
w19327,1SF3JR2,vertical.obtuse.geometry
w19428,5TMSDW2,vida.loca.despacito
w21395,7DP0P73,video.sports.erase
w220444,90HHML3,vie.relegate.beach
w20091,26PP3Y2,vince.staples.shining
w17325,BNT0LH2,vindictives.world.flat
w20096,929Y7Y2,violent.femmes.blister
w19414,6R1FPV2,voice.tiny.manner
w21024,JW8TZ33,void.minorthreat.ritesofspring
w241068,55Q9Z24,volume.lesson.ignore
w220224,CF2PWG3,vorpal.blade.strikes
w21202,BV2T103,vorpal.sever.head
w220586,658ZWP3,vr.augments.reality
w220209,GD8J4M3,vr.number.one1
w241066,26Q9Z24,waiter.number.tablet
w21827,6GBTPG3,waiting.for.the.weekend
w250166,9RLTW34,wake.me.up
w19393,8ZFKNF2,want.bottle.legs
w14000,1C9MHX1,warmup.tennessee.shooter
w220318,85H0GL3,water.air.breathe
w240624,FBCB5Y3,water.drip.faucet
w220317,55H0GL3,water.falls.dirt
w21108,1W2T103,watson.is.purgatory
w220455,6ZGHML3,watson.station.one
w240629,4TFK5Y3,watson.station.three
w240631,3YGK5Y3,watson.station.two
w21107,FV2T103,watson.traps.all
w19322,C183JR2,waxbird.outfit.training
w17034,88W0QD2,we.forgot.this
w21170,923T103,wear.your.mask
w240382,JYSTGX3,weeping.willow.tree
w250186,H384M44,weiner.dog.highway
w230476,H5W6HS3,wet.cement.trolly
w16203,5L99382,whale.good.time
w220522,F2FT2Q3,what.is.imaging
w19395,4YGQNF2,wheel.less.score
w240630,9R9RSV3,where.is.friday
w21191,GN1T103,where.is.my.usb
w240075,5YYS5X3,white.cloud.rain
w220486,9XXSML3,who.did.this
w18099,2JMVJM2,who.made.originalpass
w14280,JNQ4DZ1,whovian.kernelized.whiteseabass
w19313,5BQSHR2,wide.rule.dracarys
w220062,JZW1S33,wilbur.wright.brotherly
w220257,1F2PWG3,wilhelm.scream.delusion
w220402,7151XP3,wilhelm.scream.wait
w230284,74FBSL3,wilhelm.scream.work
w220193,5V9Y2L3,wilson.rocks.menu
w220222,1D2PWG3,win.bios.annoying
w19280,CT0LLQ2,windy.sushi.ball
w241088,C7T9Z24,winner.monday.locate
w20028,3TQL6Y2,winter.is.coming
w220109,BLCTPG3,winter.is.coming
w20151,9VN20Z2,winter.is.here
w16283,8LPFP72,wipe.box.cheese
w220562,1B7CPL3,wipe.the.drive
w21020,GD81353,wipers.over.edge
w17156,JSS6WF2,wipes.shine.stars
w15159,6DPVR22,wired.worlds.dusters
w241058,B4Q9Z24,wolf.sheeps.clothing
w17101,1HPDRC2,wood.special.events
w220452,DZGHML3,work.study.expectancy
w220375,4KWYKL3,wormhole.mass.gravity
w230477,CTW6HS3,would.prefer.not
w20258,051291395153,writing.english.poems
w220141,1MCTPG3,wu.tang.ruckus
w18196,J2534L2,yawn.im.tired
w220059,JZW1T13,you.coma.wakeup
w230233,B5YHLS3,you.like.jazz
w21168,D23T103,young.thug.punk
w220161,FS8QQG3,young.thug.punk
w220130,2LCTPG3,yung.lean.nardwuar
w220272,7DHJCL3,zero.sugar.life
w220243,GD2PWG3,zero.wheels.wheelhouse
w20064,28YH3Y2,zeus.apollo.pan
w20321,36DTX33,zips.longer.motel
w20061,28ZH3Y2,zombie.land.cardio